Destination Port,Flow Duration,Total Fwd Packets,Total Length of Fwd Packets,Fwd Packet Length Max,Fwd Packet Length Min,Fwd Packet Length Mean,Fwd Packet Length Std,Bwd Packet Length Max,Bwd Packet Length Min,Bwd Packet Length Mean,Bwd Packet Length Std,Flow Bytes/s,Flow Packets/s,Flow IAT Mean,Flow IAT Std,Flow IAT Max,Flow IAT Min,Fwd IAT Total,Fwd IAT Mean,Fwd IAT Std,Fwd IAT Max,Fwd IAT Min,Bwd IAT Total,Bwd IAT Mean,Bwd IAT Std,Bwd IAT Max,Bwd IAT Min,Fwd Header Length,Bwd Header Length,Fwd Packets/s,Bwd Packets/s,Min Packet Length,Max Packet Length,Packet Length Mean,Packet Length Std,Packet Length Variance,FIN Flag Count,PSH Flag Count,ACK Flag Count,Average Packet Size,Subflow Fwd Bytes,Init_Win_bytes_forward,Init_Win_bytes_backward,act_data_pkt_fwd,min_seg_size_forward,Active Mean,Active Max,Active Min,Idle Mean,Idle Max,Idle Min
-29086.833745709213,3870244.862085879,67.93811307764813,13746.186194965223,-666.4572012738971,-2.4429562513344223,362.6755860444183,39.18723645478683,-1393.2996840628252,100.16408611520329,-659.5944711428028,-656.4113312145955,-50837110.08007212,104172.39285380265,98917.11980788596,7427446.879179167,224130.51679023728,2397131.711343445,23923703.50354573,-3589410.165037989,-1107249.3347204123,69374721.81884563,-1146528.0499944463,-27290846.967543766,-1335359.600567524,9980510.473848224,3915803.065233384,5987880.656771862,-3599839.6818223177,-1755634.282894185,-156309.41864351905,76582.88836088698,9.35393944990733,-1033.1901358393798,-366.6302772812488,1576.1628757324954,4125307.344344049,-0.2839868455305264,-0.21921017286760552,0.10666168858729641,480.8575788246943,16869.884643754627,9882.115136491735,16339.917870273859,320.6869240507283,-934343.114476786,-489348.2379670326,375418.4345986885,-418080.5706787554,-1960719.3527784292,-23975755.476019952,-54365889.58222233
-17305.584988627288,11241922.65660727,-1453.4851681511495,-1835.1897021425227,337.4014139749189,79.35894875793537,60.22258201026324,124.37083272519197,626.7092724761895,-12.798602588100941,1195.9087112736274,-1888.500530234558,45108778.47350554,429220.64534263127,2776038.1443342147,13722825.154585598,-20937429.941971622,2670316.6055826535,57376800.13581997,4345271.792625155,-1801747.9175419249,-17148367.995326385,-11757256.442132607,-39607721.95167087,15549833.09853921,-8894181.662863089,9281878.32283229,10119756.964054722,25391761.11436161,-749990.545615007,222882.40454325298,5139.861591610748,10.25661167794788,359.78799006402744,-346.318052449585,102.83994550622543,-1460369.2642632816,0.017581775137986498,0.24712205899475184,0.5321011997330394,-211.51549142569908,8865.055907303231,-23184.93482300997,2137.6803445781097,-1624.5080328197698,2124551.7399414317,-77481.54977433464,-718184.2385136823,421997.87029166374,-79568369.8460467,-15253456.26063583,-9523327.880631445
-19537.88614583502,12299576.690874752,-1405.4722681806272,-1219.426541592858,286.5123645183925,77.4914603373019,56.524606594535854,81.79222143318748,586.8486875152298,-14.581313610242375,1118.3561468105338,-1809.7243218026447,41600365.95278368,432480.51323721,2685427.2828205307,13500095.157522863,-20223563.220096476,2505349.6214485215,56040891.76991929,3615412.7246745434,-1743191.8527439758,-15578281.102984415,-11498158.978773616,-40466100.39646599,15267057.337115042,-8870105.342692964,11745344.047490213,9815675.749018049,23084747.34116201,-915170.2680234817,208145.27315765482,6504.571177551109,13.302278417573298,438.52117882685616,-344.49666851043503,114.3122372909643,-1556899.7868639315,0.027292780377635453,0.1875699293226705,0.5133860466395684,-191.1145504443583,8981.898745421475,-23742.242233289326,2660.720489908973,-1690.1755866143649,2200911.7728023115,-120184.79738028899,-789687.2337321591,568301.4239403856,-77943397.60956131,-14523755.35992932,-7096764.677375251
-17976.163911983633,11424580.998118028,-1490.4753753490097,-1454.2343185270354,318.35669814068973,77.82778056664094,61.66347828771043,109.28442687060178,645.5921360329762,-10.15458189457194,1090.282485232257,-1892.6132861272995,42497372.87763449,413860.71106922615,3046114.423861432,13927672.313625744,-20176171.714971907,2415852.318053535,59293381.26055438,2898550.8543621125,-1776393.7669819957,-18349213.214081272,-12028700.103520539,-39300251.56189935,14732038.76710791,-8855149.807442252,12384629.1447833,10102498.407250479,25409120.43872158,-944916.5063933346,220104.89568435273,9658.686022307138,13.82902782337321,419.4052364511384,-332.25119181910543,117.04605994208876,-1539380.6619246583,0.01725532674459273,0.24761316744202183,0.5615259714310713,-184.32942985167696,10028.321462958122,-22818.76112024579,2331.206358107661,-1633.3257976417192,2220499.12429288,203.69480299956922,-786700.3137096376,476788.12302560284,-78598564.53195843,-16749385.264632482,-8603087.776827013
-17372.76073839599,11614613.453315228,-1330.2524295454718,-1457.4954173580052,412.53713247018084,84.65761754668443,53.84098854628464,112.30992035774656,722.4865723109342,-10.917808750129339,1126.5098222375032,-1843.2258635433482,40330202.16417297,413787.24281186063,3176073.534949095,14026036.917990148,-17834555.806925707,2447235.417491935,59602902.70244018,2823160.077474995,-1643893.197786958,-17649241.41011717,-11340297.389292276,-38946196.256667085,15146081.943553148,-8443504.469862742,10273534.290726392,10822808.256848648,24053839.769947167,-937457.8670708981,205041.72273984805,8530.614933909614,13.976651371414425,266.4193632102023,-327.1083960176794,87.83464348655036,-1499178.998710169,0.016223641221076696,0.18954458963114446,0.5426240667272266,-191.0496203907662,9875.751219180163,-23054.506025736446,1936.880322160993,-1632.9263074006917,2153589.6243359502,-110196.60908380609,-707395.1068403657,479188.84845296957,-81093689.60174404,-16155864.4242693,-7720460.756690232
-29235.864450704306,2194613.2171216365,-3.578783747461353,13517.49592625475,-648.0415279492777,-0.36284306433946156,372.15719882330495,25.99501939600465,-1389.8951709756047,99.58756508370968,-650.177271082774,-647.9638966159528,-51506552.544538,108815.82396799623,231866.45051622787,7515512.561638335,-395478.46774949506,2275466.3926658845,24599661.320096847,-3847321.727948232,-1190213.7820738768,68731363.59752816,-1346356.4324814752,-27852311.18453539,-1286885.2026848055,10077918.340680458,4236501.590340231,5831228.023481499,-3583875.3804726405,-1752213.4243470856,-153027.5876450374,73124.82655012558,10.197873513028924,-1004.7793356468064,-361.13643408249595,1542.8677562776109,4197900.785274933,-0.2878025805040815,-0.21664713251199735,0.1272975725357683,492.3236203197405,17414.804968106706,9776.700346864198,15933.71896256247,314.1658116645865,-921532.7069236427,-494514.5172936579,399134.7989983187,-444353.2246673918,-2756945.8044243436,-24171412.08894748,-53818062.57159817
-18538.38298624339,11561957.615651898,-1405.9560642350796,-1372.2041395171443,370.36266939640313,81.18740985765135,66.82006895634439,119.92837314308882,500.21143166370933,-7.082532534253112,1151.0985766255826,-1922.1345176742493,41321261.709881224,434650.7555338728,2690745.3145426135,14465214.725922437,-19873712.967351504,2816758.020975641,57295705.430443496,3675918.3911117082,-1088632.6915223924,-17178338.03189169,-12133847.572477365,-39728224.29155319,14528128.654652307,-8581100.343120778,11652617.84280371,10034076.78035454,23419374.18164141,-998774.9738456343,217282.3751376029,9422.74430175409,11.849542073007555,471.0508779766733,-333.8566153474287,120.08918172490732,-1588836.7248103307,0.021795555036105696,0.12905883599785814,0.5666738254100441,-206.59609169082538,9228.086626383594,-22051.119708403723,1724.7335556840744,-1610.5774006980614,2167864.5977490097,-55291.86512867578,-670185.4580468717,451308.6613960221,-79509791.77372399,-17036337.35645714,-7252240.584572114
-29421.925928185214,3680568.875446072,37.151562377923604,13705.828218102348,-660.6427293300775,-0.09164728626450014,363.9421183723448,38.137995046342645,-1374.7332650633693,96.95924962809188,-639.8652100291124,-653.7628082526792,-51842823.33940982,102823.01192250187,322219.3780668087,7348937.627623457,95734.4545445256,2338257.5423154286,23728221.040762123,-3779081.815727346,-1405509.6680054776,70008185.12691362,-1186539.0651527704,-25776998.41078029,-1421430.3536688236,10216968.13576607,3521488.089637812,6262893.730016194,-4605228.303547612,-1752117.317749333,-152277.82644173663,74067.86245886871,10.351543284343983,-1085.8393406555747,-356.802645132517,1577.591051035747,4151005.7135158926,-0.2860591527670399,-0.2248029591817164,0.10871279416090474,481.20579501956774,16703.961365141487,9684.447990935681,15910.545539779347,353.7146125649864,-965903.7873670207,-491556.98640055815,397751.21999210597,-434790.8440408526,-2774816.065192839,-24603414.305531736,-54557689.06308957
-29366.97320583277,2857572.1332172006,41.20147514901493,13285.09464184554,-656.2441784306534,-3.06541201818688,372.0106369841077,28.530256138477228,-1410.2308114403663,98.03961089432244,-681.7943453589542,-658.348941338933,-51513564.39582125,106426.31849630424,202884.284489654,7503784.055709092,675673.3918379359,2430658.5096169887,22695378.193994947,-3719845.1158660282,-1072880.703174321,69282852.53096363,-1370576.9598664506,-26407523.701661892,-1119585.691021939,9922926.977176113,3720262.0577370855,6180757.38936563,-3335253.090564367,-1865780.491737054,-158842.67328728762,73641.67458012313,9.921774836194459,-978.2394848913807,-353.6754668277305,1581.0663024754972,4157103.975260648,-0.2847482173768348,-0.2235295310196171,0.10986963695210897,487.30198526994013,17270.505215741956,10202.709528120713,16067.685983792113,336.8200718898266,-934793.795583543,-476956.376822895,379544.83616090956,-430913.2264491037,-2608163.429710755,-24331254.909836497,-54823227.91881703
-29639.399550391645,2388556.6940033305,43.921045733606555,13488.849106667103,-658.0101996834409,-1.49789293342171,365.8004994865828,38.786076842897565,-1391.5803526802174,101.90445730292514,-673.7524732371894,-639.567324713498,-50425977.38367531,104488.22721896414,202259.7230454448,7181280.23104595,574827.5988087822,2341023.2503890167,22370073.239420075,-3682959.7963044406,-927837.4288594071,69994384.46119325,-1193746.4593963851,-25882758.269461907,-1021245.2810300661,9889924.352301005,4237912.949496615,6162285.0906037325,-4910099.826832945,-1810785.089363723,-152601.3933270798,73764.93526750468,9.628756047157879,-1039.3169206616672,-350.9833174271804,1541.0714905597094,4176622.792145443,-0.2877305575125425,-0.21728644043706596,0.1051278743549399,476.8426836439389,17062.34971608041,9739.30771118795,15730.880629594987,312.2038954902659,-949226.6267612044,-497374.84071373765,364709.37691962335,-431229.1748583003,-1993731.7720786165,-24074721.731973235,-54115969.57342842
-29598.64073591347,2499841.3433308676,45.39484665969799,13942.91793459164,-672.6878809756671,0.6090430563409264,371.5912055222383,24.90200684602005,-1424.2717169311813,103.38237079678203,-670.9792941411031,-638.1204174330564,-50583996.72037414,102853.10288767557,258831.2323891474,7468837.053372117,-82135.41433710232,2377091.8460120424,24826073.596110202,-3851786.7457246906,-1282276.4857888948,69592750.67909615,-1043975.0348967495,-28044766.101490498,-1256948.9360471338,9965244.649659675,3505901.079253846,6010542.369158034,-5220696.554095267,-1790507.7728687096,-148475.2461238749,72668.51528347685,9.291800065234137,-1058.5509798926528,-359.5187402251262,1551.6033388007547,4166297.503399749,-0.29065498685558816,-0.23128988841307535,0.12210207206450271,487.2086268989426,17086.054382685976,10123.40577957272,15809.726448367817,331.0124947290287,-937601.9430014101,-459639.0004510009,398246.9332159462,-438743.43398832175,-2256301.1303106565,-24127359.10310154,-53672156.932686985
-17898.29417857125,12820088.27253533,-1455.7812397601517,-1779.3955037324624,350.8480764282948,80.66085769162845,67.02014883099302,100.5429803674241,513.2859184473128,-11.374223271857218,1109.9657030725512,-1921.7542049450212,40829842.3336313,416623.4566233782,2666506.634465285,13490632.238940272,-19583808.4700031,2738373.7823134963,58856379.253896534,4443763.883670566,-2247675.764361971,-16593548.676850865,-12867850.738677444,-35965696.04960372,13786159.115041418,-9553375.210624855,12417595.454584422,10016553.572023453,23174111.701048065,-945549.7844252524,247624.47118994826,7332.626096908301,11.702702283383775,375.5902837173528,-366.63730671110466,126.02470863655316,-1408236.6229898985,0.011657959054377116,0.2098358631986347,0.5079940682963732,-214.8415199658564,8757.550015700355,-21627.6927600966,2266.0352476589815,-1663.1591909734273,2134913.9147642036,-90674.0253613814,-695069.3228398559,431348.0452377028,-77254743.78513692,-15606200.643730246,-6660368.386632798
-18958.465650265876,13390094.66293903,-1432.1251339573926,-1783.039538495668,342.6910608593678,73.00305757451589,66.29730717070224,95.72341870527592,561.2478341715288,-14.70551915712118,1192.4055377912864,-1806.8643057526606,41328364.967832685,420916.95891506184,2958947.9301241254,14149845.569834625,-19906108.88013491,2705921.722615973,56945994.45029214,2761847.720610523,-1113633.5351427058,-17081707.36570359,-12327211.933741352,-38286947.58848812,14162206.805515986,-9454401.45741807,12171773.554268941,9950235.70272381,25386806.9478508,-981193.4962225584,228151.6996834935,6269.00093764927,13.756315552682704,388.55736424015197,-333.41502936546703,145.01571716016988,-1451935.8884331663,0.018220141898756776,0.1688250153895241,0.5692944293169651,-152.40670738075343,9303.75861154651,-22856.069197579425,3474.2290880925993,-1623.2410789959365,2176641.416141218,-105650.66171115766,-720101.7400251793,558447.9538282776,-77779101.77778116,-13905079.196742564,-7739118.258150926
-28840.688804118094,3814695.7348597143,42.042857400565644,13341.306619691255,-638.1552344629797,0.13798613846941876,367.1715503654168,28.68803026382586,-1344.2991681953808,98.19235373327498,-678.129371821798,-656.3544457649623,-52414354.211853504,113102.57558045638,323158.3272654391,7332667.376864673,722092.816676395,2273422.390164998,23465510.534021143,-3684344.7035407373,-1376060.099296432,68792026.45756714,-1534499.7774322298,-26168193.95139,-1271694.0578357202,9971275.394179186,3848388.132604099,5702551.817713379,-4863510.335631831,-1744847.437667394,-152329.30752274764,74411.77417468649,9.537730226920235,-1149.6901688128792,-359.4475252344088,1569.356643801591,4127049.942958401,-0.28525737504658233,-0.21069556342520607,0.1146731528931127,485.6585675326447,17202.24886539438,9314.165264925865,15887.534666053169,355.74523697552934,-940124.9387969325,-470805.46359459334,371776.0535437438,-426000.3930959724,-1974238.1263614,-24314861.234534208,-53006754.02908278
-17802.736209562383,16469280.428515086,-1445.6771311315952,-1840.8043361772536,326.49230365419186,78.06124909234885,70.07339630057055,149.9861032711184,472.45812782714677,-18.181650935749687,1105.6026460379721,-1925.5451390393628,40319648.81357012,442449.93804724544,3225666.627740803,14149296.318813993,-19423408.460276723,2208821.1477614054,58447680.08821224,3208821.0341448756,-2486483.240438668,-19752604.028707966,-11880921.177328313,-37596101.368003495,14719763.820711518,-8831269.564838683,10795933.058805458,10621198.997012531,24317788.29945767,-1030640.9505927816,204078.45429239588,9864.274749758795,13.35534147654873,294.21093023341575,-345.6863093595232,110.21013314072206,-1564379.3777580378,0.02117085973162134,0.2110981986722546,0.5643495927967468,-176.49398537139658,9080.742304312553,-22606.406036086137,3060.036228276537,-1599.951231379992,2188000.943406695,-66457.05665298215,-766157.8544772672,449088.5815886348,-78710766.46056886,-16895591.51334424,-8374063.651847282
-29701.371390083703,3477773.1468273494,26.609590594306468,13742.908757143774,-642.4963882101738,-1.5702318977647742,374.00191765558566,24.063675642127706,-1407.4810982485228,100.8824991043378,-677.834630443979,-661.4669235198946,-50742702.27705587,106770.59706277467,274263.23624504637,7010294.29021425,1198734.1641457602,2448692.835974908,23174590.758033957,-3543378.8566273055,-1014354.7543421304,69431489.21873422,-1312895.307308908,-27181137.304050237,-1040488.7944926878,10160000.724899042,3891698.705110602,6292104.908250982,-3360019.13043075,-1725764.352679815,-147946.2819922167,75365.89418144722,10.059978320799942,-1066.2173231447314,-358.74728248671954,1530.8353843047023,4165845.399694183,-0.292945995517544,-0.22720070357247663,0.12147134111495714,490.24869429586636,17023.99789547868,9768.09876929905,15957.201969999209,336.7487449761067,-897371.1133058463,-500137.70562844665,385015.47656105325,-430926.35006740235,-1493559.2146456707,-24685463.439782623,-53155396.03034073
-17481.50955835166,12152070.28458988,-1427.6617255177978,-2387.9367810838594,308.20984980346884,76.77060963184722,53.295592430881925,108.71511079167766,535.3684117094451,-14.644723290204212,1122.263027416809,-1853.0348770285136,44468127.96370124,422790.8034027981,3289887.320167399,13986757.755390815,-18898783.349910833,2792802.3879696736,54308411.666912794,3451847.681361503,-1754002.8465880463,-20747661.59391523,-11663504.262576127,-38779100.149800494,13377254.763005558,-9465890.288314616,9827727.906170122,10802936.853428226,26603204.926222764,-953759.2647047931,217550.3800040495,7771.37201187898,12.352445111779225,319.90009099308236,-317.3552392616448,155.00544417648993,-1369182.8137796489,0.013369054287683153,0.19887200612183611,0.5680045460206804,-186.69298576155072,9544.450451184794,-23065.028232260844,2335.5138255351344,-1602.5620117731723,2160474.555538145,-120054.88869652075,-805526.2435104331,543294.0641508729,-78824362.88919067,-18195390.498335693,-6714566.808162479
-18540.95515078175,11086782.88939672,-1424.0691672455519,-1178.28022660111,279.3981941133804,77.238627449955,46.180139392416415,68.47634964015444,529.393806150129,-7.477724561352517,1140.3049190449024,-1858.0046360237948,41644022.169228025,442392.9179508241,3553071.925578326,14305088.059412347,-19242432.08828327,2552502.1388174132,56112380.67186685,2868915.209016681,-2503492.057320306,-17063816.902701415,-12113964.192217028,-39887096.257059164,15641281.476749847,-8664323.294097468,10031202.356455732,9839111.135217732,23747931.78676319,-963610.8678107063,217590.42618038654,8372.998557662597,10.154507999976245,429.22804728866754,-332.0548891617095,116.64126717432467,-1557464.3285042192,0.01891108078729535,0.17305415894015058,0.547933612930011,-172.6551538478288,8661.616237893384,-22637.795959715364,1173.8052510905816,-1662.7481347186301,2119378.78421143,-57665.603488887704,-750819.730899729,461427.57090114086,-78727084.48545898,-17837096.334257435,-7082408.770396836
-28827.57732982075,2197242.8552133795,37.62274614434696,13442.609833841261,-627.7705845028247,0.08644950886613145,362.4787065297095,19.05237769758063,-1389.4029072161284,100.46309680029458,-666.4741098112368,-637.8902216612023,-52151952.21076619,107136.21070713384,39212.40719851875,7333564.9693198,301200.55391220003,2361107.5560260904,25069057.8451829,-3998824.6406037253,-1233787.5426198235,69687972.3117667,-1426644.9651373932,-27529484.49205894,-969534.6296721252,10090475.214720508,4318232.140068342,5827795.796644801,-4600333.353073481,-1831754.9915296393,-147902.53187932968,73698.98336917773,9.551645859525411,-1017.0093800610566,-353.11096263289994,1557.949744993684,4143586.9023311343,-0.282467064899011,-0.21964521622917327,0.11214406779518474,481.7024118785929,16867.960036365534,9746.364668231565,15901.969409171688,331.207355463676,-918651.2086615623,-479967.7468052128,363967.90320491337,-451453.5649890086,-2056850.1807168704,-23746193.974730536,-54520459.87309019
-20263.25996885126,11280529.215280792,-1519.8806737231416,-2221.891380511157,370.2590942839938,72.54946498016471,57.99253430580738,117.79301453190726,492.34965793952654,-10.512446251870877,1093.8375328653315,-1791.5181333525843,40145407.115297236,426824.30422435515,3089539.753557941,13852270.323998805,-18507948.703310072,2603454.689939834,58065545.15160747,4288118.850921317,-1985217.024309542,-16710392.476272548,-11593952.151640635,-39811776.93898108,15123160.382000854,-8634078.230077278,11860979.29786133,9910749.716821065,24621642.20957505,-925153.2670880473,212983.28770111897,11720.749864463032,11.952086253593656,306.92830240684145,-311.5462731965417,52.90326954641671,-1356006.4846604895,0.004682148423145866,0.24230578108640632,0.5833001039121318,-230.15271580655755,9789.569008629987,-23954.77110095707,3267.736300777145,-1707.886322416814,2106727.129342918,-96686.28878699992,-693763.970906426,470995.43863447243,-80716728.09515852,-14731089.403850064,-7127409.416123956
